FID,Updated,PCR,Antigen,TotalCases,TotalDeaths,DataNotes,RecordStat,Lab
1,2020/03/13 17:00:00+00,0,0,3,0,,Past,3/13/2020
2,2020/03/14 20:23:59+00,0,0,0,0,,Past,3/14/2020
3,2020/03/15 20:23:00+00,0,0,0,0,,Past,3/15/2020
4,2020/03/16 17:00:00+00,0,0,6,0,,Past,3/16/2020
5,2020/03/17 17:00:00+00,0,0,17,0,,Past,3/17/2020
6,2020/03/18 17:00:00+00,0,0,24,0,,Past,3/18/2020
7,2020/03/19 17:00:00+00,0,0,41,0,,Past,3/19/2020
8,2020/03/20 17:00:00+00,0,0,58,0,,Past,3/20/2020
9,2020/03/21 17:00:00+00,0,0,60,0,,Past,3/21/2020
10,2020/03/22 17:00:00+00,0,0,79,0,,Past,3/22/2020
11,2020/03/23 17:00:00+00,0,0,86,0,,Past,3/23/2020
12,2020/03/24 17:00:00+00,0,0,98,0,,Past,3/24/2020
13,2020/03/25 17:00:00+00,0,0,119,0,,Past,3/25/2020
14,2020/03/26 17:00:00+00,0,0,137,0,,Past,3/26/2020
15,2020/03/27 17:00:00+00,0,0,160,1,,Past,3/27/2020
16,2020/03/28 21:53:59+00,0,0,179,1,,Past,3/28/2020
17,2020/03/29 22:18:00+00,0,0,200,1,,Past,3/29/2020
18,2020/03/30 20:48:00+00,0,0,206,2,,Past,3/30/2020
19,2020/03/31 20:51:00+00,0,0,244,2,,Past,3/31/2020
20,2020/04/01 21:29:00+00,0,0,305,3,,Past,4/1/2020
21,2020/04/02 20:35:00+00,0,0,351,3,,Past,4/2/2020
22,2020/04/03 20:55:00+00,0,0,430,4,,Past,4/3/2020
23,2020/04/04 22:05:00+00,0,0,460,6,,Past,4/4/2020
24,2020/04/05 20:32:00+00,0,0,484,6,,Past,4/5/2020
25,2020/04/06 21:46:00+00,0,0,502,6,,Past,4/6/2020
26,2020/04/07 22:02:59+00,0,0,554,7,,Past,4/7/2020
27,2020/04/08 21:53:00+00,0,0,597,7,,Past,4/8/2020
28,2020/04/09 23:55:00+00,0,0,642,7,,Past,4/9/2020
29,2020/04/10 23:12:00+00,0,0,690,9,,Past,4/10/2020
30,2020/04/11 21:59:59+00,0,0,744,9,,Past,4/11/2020
31,2020/04/12 21:59:59+00,0,0,774,9,,Past,4/12/2020
32,2020/04/13 21:55:00+00,0,0,856,11,,Past,4/13/2020
33,2020/04/14 17:03:00+00,0,0,900,14,,Past,4/14/2020
34,2020/04/15 17:36:59+00,0,0,977,17,,Past,4/15/2020
35,2020/04/16 17:58:00+00,0,0,1029,18,,Past,4/16/2020
36,2020/04/17 17:44:00+00,0,0,1074,21,,Past,4/17/2020
37,2020/04/18 17:45:00+00,0,0,1092,23,,Past,4/18/2020
38,2020/04/19 17:51:00+00,0,0,1108,25,,Past,4/19/2020
39,2020/04/20 18:16:00+00,0,0,1174,26,,Past,4/20/2020
40,2020/04/21 17:58:59+00,0,0,1233,27,,Past,4/21/2020
41,2020/04/22 17:52:59+00,0,0,1263,28,,Past,4/22/2020
42,2020/04/23 17:58:00+00,0,0,1312,31,,Past,4/23/2020
43,2020/04/24 18:08:00+00,0,0,1379,32,,Past,4/24/2020
44,2020/04/25 17:39:00+00,0,0,1396,36,,Past,4/25/2020
45,2020/04/26 18:03:00+00,0,0,1412,39,,Past,4/26/2020
46,2020/04/27 17:54:00+00,0,0,1464,42,,Past,4/27/2020
47,2020/04/28 17:45:59+00,0,0,1539,42,,Past,4/28/2020
48,2020/04/29 21:59:59+00,0,0,1591,44,,Past,4/29/2020
49,2020/04/30 21:59:59+00,0,0,1654,47,,Past,4/30/2020
50,2020/05/01 21:59:59+00,0,0,1683,51,,Past,5/1/2020
51,2020/05/02 21:59:59+00,0,0,1714,51,,Past,5/2/2020
52,2020/05/03 22:57:59+00,0,0,1756,52,,Past,5/3/2020
53,2020/05/04 21:59:59+00,0,0,1816,53,,Past,5/4/2020
54,2020/05/05 21:59:59+00,0,0,1876,58,,Past,5/5/2020
55,2020/05/06 21:59:59+00,0,0,1946,57,,Past,5/6/2020
56,2020/05/07 21:59:59+00,0,0,2002,59,,Past,5/7/2020
57,2020/05/08 21:59:59+00,0,0,2071,60,,Past,5/8/2020
58,2020/05/09 21:59:59+00,0,0,2095,60,,Past,5/9/2020
59,2020/05/10 21:59:59+00,0,0,2127,60,,Past,5/10/2020
60,2020/05/11 21:59:59+00,0,0,2171,65,,Past,5/11/2020
61,2020/05/12 21:59:59+00,0,0,2235,71,,Past,5/12/2020
62,2020/05/13 21:00:00+00,0,0,2288,72,,Past,5/13/2020
63,2020/05/14 16:15:59+00,0,0,2345,74,,Past,5/14/2020
64,2020/05/15 21:59:59+00,0,0,2381,77,,Past,5/15/2020
65,2020/05/16 21:59:59+00,0,0,2425,77,,Past,5/16/2020
66,2020/05/17 22:38:59+00,0,0,2459,77,,Past,5/17/2020
67,2020/05/18 20:19:00+00,0,0,2537,79,,Past,5/18/2020
68,2020/05/19 22:34:59+00,0,0,2595,81,,Past,5/19/2020
69,2020/05/20 22:40:00+00,0,0,2644,82,,Past,5/20/2020
70,2020/05/21 21:59:59+00,0,0,2712,83,,Past,5/21/2020
71,2020/05/22 21:59:59+00,0,0,2761,83,,Past,5/22/2020
72,2020/05/23 22:38:00+00,0,0,2788,83,,Past,5/23/2020
73,2020/05/24 22:43:00+00,0,0,2847,84,,Past,5/24/2020
74,2020/05/25 22:44:59+00,0,0,2933,85,,Past,5/25/2020
75,2020/05/26 21:59:59+00,0,0,2984,88,,Past,5/26/2020
76,2020/05/27 22:06:59+00,0,0,3057,91,,Past,5/27/2020
77,2020/05/28 22:14:00+00,0,0,3124,92,,Past,5/28/2020
78,2020/05/29 22:22:59+00,0,0,3186,93,,Past,5/29/2020
79,2020/05/30 16:31:59+00,0,0,3232,93,,Past,5/30/2020
80,2020/05/31 15:33:00+00,0,0,3272,93,,Past,5/31/2020
81,2020/06/01 16:49:00+00,0,0,3360,93,,Past,6/1/2020
82,2020/06/02 22:04:00+00,0,0,3433,93,,Past,6/2/2020
83,2020/06/03 14:12:00+00,0,0,3501,95,,Past,6/3/2020
84,2020/06/04 16:31:00+00,0,0,3562,95,,Past,6/4/2020
85,2020/06/05 15:10:00+00,0,0,3616,97,,Past,6/5/2020
86,2020/06/06 15:10:00+00,0,0,3662,97,,Past,6/6/2020
87,2020/06/07 22:43:00+00,0,0,3697,97,,Past,6/7/2020
88,2020/06/08 22:04:00+00,0,0,3815,98,,Past,6/8/2020
89,2020/06/09 22:02:00+00,0,0,3976,99,,Past,6/9/2020
90,2020/06/10 22:28:00+00,0,0,4109,99,,Past,6/10/2020
91,2020/06/11 22:18:00+00,0,0,4238,101,,Past,6/11/2020
92,2020/06/12 22:27:00+00,0,0,4314,104,,Past,6/12/2020
93,2020/06/13 22:08:00+00,0,0,4461,104,,Past,6/13/2020
94,2020/06/14 22:31:59+00,0,0,4545,104,,Past,6/14/2020
95,2020/06/15 22:12:00+00,0,0,4664,106,,Past,6/15/2020
96,2020/06/16 22:05:59+00,0,0,4771,106,,Past,6/16/2020
97,2020/06/17 22:05:00+00,0,0,4991,108,,Past,6/17/2020
98,2020/06/18 18:06:00+00,0,0,,,,Past,6/19/2020
99,2020/06/19 22:33:00+00,0,0,5286,108,,Past,6/18/2020
100,2020/06/20 15:42:00+00,0,0,5704,109,,Past,6/20/2020
101,2020/06/21 17:00:59+00,0,0,6210,110,,Past,6/21/2020
102,2020/06/22 22:06:59+00,0,0,6339,112,,Past,6/22/2020
103,2020/06/23 17:19:59+00,0,0,6596,114,,Past,6/23/2020
104,2020/06/24 17:35:00+00,0,0,6914,116,,Past,6/24/2020
105,2020/06/25 15:08:59+00,0,0,7097,116,,Past,6/25/2020
106,2020/06/26 18:30:00+00,0,0,,,,Past,6/27/2020
107,2020/06/27 17:29:59+00,0,0,7825,117,,Past,6/26/2020
108,2020/06/28 17:34:00+00,0,0,8461,117,,Past,6/28/2020
109,2020/06/29 17:45:00+00,0,0,8969,121,,Past,6/29/2020
110,2020/06/30 17:22:00+00,0,0,9527,124,,Past,6/30/2020
111,2020/07/01 17:06:59+00,0,0,10124,128,,Past,7/1/2020
112,2020/07/02 17:22:00+00,0,0,10695,133,,Past,7/2/2020
113,2020/07/03 16:41:00+00,0,0,11009,134,,Past,7/3/2020
114,2020/07/04 16:28:59+00,0,0,11131,136,,Past,7/4/2020
115,2020/07/05 17:19:59+00,0,0,11679,137,,Past,7/5/2020
116,2020/07/06 22:15:00+00,0,0,11926,144,,Past,7/6/2020
117,2020/07/07 16:18:00+00,0,0,12408,151,,Past,7/7/2020
118,2020/07/08 16:47:59+00,0,0,13161,159,,Past,7/8/2020
119,2020/07/09 16:47:00+00,0,0,13864,159,,Past,7/9/2020
120,2020/07/10 21:59:59+00,0,0,14304,166,,Past,7/10/2020
121,2020/07/11 10:41:59+00,0,0,14622,168,,Past,7/11/2020
122,2020/07/12 10:41:59+00,0,0,14788,169,,Past,7/12/2020
123,2020/07/13 10:41:59+00,0,0,15445,172,,Past,7/13/2020
124,2020/07/14 10:41:59+00,0,0,15998,179,,Past,7/14/2020
125,2020/07/15 10:43:00+00,0,0,16570,183,,Past,7/15/2020
126,2020/07/16 10:43:00+00,0,0,16983,189,,Past,7/16/2020
127,2020/07/17 10:43:00+00,0,0,17215,196,,Past,7/17/2020
128,2020/07/18 10:43:00+00,0,0,17454,203,,Past,7/18/2020
129,2020/07/19 10:44:00+00,0,0,17646,203,,Past,7/19/2020
130,2020/07/20 10:44:00+00,0,0,17791,209,,Past,7/20/2020
131,2020/07/21 10:44:00+00,0,0,18394,218,,Past,7/21/2020
132,2020/07/22 10:44:00+00,0,0,18696,222,,Past,7/22/2020
133,2020/07/23 10:44:59+00,0,0,18939,229,,Past,7/23/2020
134,2020/07/24 10:46:00+00,0,0,19177,241,,Past,7/24/2020
135,2020/07/25 16:09:59+00,0,0,19401,241,,Past,7/25/2020
136,2020/07/26 16:12:00+00,0,0,19480,241,,Past,7/26/2020
137,2020/07/27 16:12:59+00,0,0,19720,252,,Past,7/27/2020
138,2020/07/28 16:12:59+00,0,0,19952,255,,Past,7/28/2020
139,2020/07/29 16:12:59+00,0,0,20187,264,,Past,7/29/2020
140,2020/07/30 16:12:59+00,0,0,20465,266,,Past,7/30/2020
141,2020/07/31 16:14:00+00,0,0,20745,274,,Past,7/31/2020
142,2020/08/01 16:28:00+00,0,0,20967,276,,Past,8/1/2020
143,2020/08/02 16:31:00+00,0,0,21214,279,,Past,8/2/2020
144,2020/08/03 16:31:00+00,0,0,21549,285,,Past,8/3/2020
145,2020/08/04 16:31:00+00,0,0,21822,287,,Past,8/4/2020
146,2020/08/05 16:31:00+00,0,0,22024,287,,Past,8/5/2020
147,2020/08/06 16:31:00+00,0,0,22256,288,,Past,8/6/2020
148,2020/08/07 16:31:59+00,0,0,22480,295,,Past,8/7/2020
149,2020/08/08 16:31:59+00,0,0,22602,298,,Past,8/8/2020
150,2020/08/09 16:31:59+00,0,0,22724,298,,Past,8/9/2020
151,2020/08/10 16:31:59+00,0,0,22953,303,,Past,8/10/2020
152,2020/08/11 17:05:00+00,0,0,23249,307,,Past,8/11/2020
153,2020/08/12 17:05:00+00,0,0,23421,313,,Past,8/12/2020
154,2020/08/13 16:17:00+00,0,0,23718,328,,Past,8/13/2020
155,2020/08/14 16:17:00+00,0,0,23870,332,,Past,8/14/2020
156,2020/08/15 16:17:00+00,0,0,24008,335,,Past,8/15/2020
157,2020/08/16 16:17:00+00,0,0,24144,335,,Past,8/16/2020
158,2020/08/17 16:18:00+00,0,0,24409,335,,Past,8/17/2020
159,2020/08/18 16:18:00+00,0,0,24759,337,,Past,8/18/2020
160,2020/08/19 16:18:00+00,0,0,25062,346,,Past,8/19/2020
161,2020/08/20 16:18:00+00,0,0,25353,346,,Past,8/20/2020
162,2020/08/21 16:37:00+00,0,0,25559,353,,Past,8/21/2020
163,2020/08/22 16:37:00+00,0,0,25640,357,,Past,8/22/2020
164,2020/08/23 16:37:00+00,0,0,25736,357,,Past,8/23/2020
165,2020/08/24 18:00:00+00,0,0,25890,362,,Past,8/24/2020
166,2020/08/25 21:59:59+00,0,0,26017,366,,Past,8/25/2020
167,2020/08/26 21:59:59+00,0,0,26117,371,,Past,8/26/2020
168,2020/08/27 21:59:59+00,0,0,26239,374,,Past,8/27/2020
169,2020/08/28 21:59:59+00,0,0,26307,377,,Past,8/28/2020
170,2020/08/29 21:59:59+00,0,0,26316,380,,Past,8/29/2020
171,2020/08/30 21:59:59+00,0,0,26434,380,,Past,8/30/2020
172,2020/08/31 21:59:59+00,0,0,26516,385,,Past,8/31/2020
173,2020/09/01 21:59:59+00,0,0,26563,385,,Past,9/1/2020
174,2020/09/02 21:59:59+00,0,0,26622,388,,Past,9/2/2020
175,2020/09/03 16:54:00+00,0,0,26726,389,,Past,9/3/2020
176,2020/09/04 22:21:00+00,0,0,26854,393,,Past,9/4/2020
177,2020/09/05 22:21:59+00,0,0,26931,394,,Past,9/5/2020
178,2020/09/06 22:11:00+00,0,0,26969,394,,Past,9/6/2020
179,2020/09/07 22:38:00+00,0,0,27038,395,,Past,9/7/2020
180,2020/09/08 22:05:59+00,0,0,27124,399,,Past,9/8/2020
181,2020/09/09 22:18:00+00,0,0,27206,399,,Past,9/9/2020
182,2020/09/10 22:12:00+00,0,0,27424,402,,Past,9/10/2020
183,2020/09/11 22:41:00+00,0,0,27525,402,,Past,9/11/2020
184,2020/09/12 21:59:59+00,0,0,27578,403,,Past,9/12/2020
185,2020/09/13 21:59:59+00,0,0,27701,403,,Past,9/13/2020
186,2020/09/14 21:59:59+00,0,0,27776,407,,Past,9/14/2020
187,2020/09/15 22:40:00+00,0,0,27961,412,,Past,9/15/2020
188,2020/09/16 22:08:00+00,0,0,28103,413,,Past,9/16/2020
189,2020/09/17 21:59:59+00,0,0,28212,413,,Past,9/17/2020
190,2020/09/18 21:59:59+00,0,0,28375,414,,Past,9/18/2020
191,2020/09/19 21:59:59+00,0,0,28438,414,,Past,9/19/2020
192,2020/09/20 21:59:59+00,0,0,28441,414,,Past,9/20/2020
193,2020/09/21 21:59:59+00,0,0,28596,415,,Past,9/21/2020
194,2020/09/22 21:59:59+00,0,0,28643,415,,Past,9/22/2020
195,2020/09/23 21:59:59+00,0,0,28745,417,,Past,9/23/2020
196,2020/09/24 22:50:59+00,0,0,28904,417,,Past,9/24/2020
197,2020/09/25 22:43:00+00,0,0,29073,420,,Past,9/25/2020
198,2020/09/26 21:59:59+00,0,0,29130,422,,Past,9/26/2020
199,2020/09/27 21:59:59+00,0,0,29252,426,,Past,9/27/2020
200,2020/09/28 22:05:59+00,0,0,29343,426,,Past,9/28/2020
201,2020/09/29 21:59:59+00,0,0,29421,426,,Past,9/29/2020
202,2020/09/30 22:20:00+00,0,0,29514,427,,Past,9/30/2020
203,2020/10/01 22:47:00+00,0,0,29576,429,,Past,10/1/2020
204,2020/10/02 22:51:59+00,0,0,29647,429,,Past,10/2/2020
205,2020/10/03 22:34:00+00,0,0,29750,429,,Past,10/3/2020
206,2020/10/04 22:54:59+00,0,0,29799,429,,Past,10/4/2020
207,2020/10/05 22:28:00+00,0,0,29857,430,,Past,10/5/2020
208,2020/10/06 22:38:59+00,0,0,29952,434,,Past,10/6/2020
209,2020/10/07 22:33:00+00,0,0,29997,436,,Past,10/7/2020
210,2020/10/08 22:27:00+00,0,0,30075,437,,Past,10/8/2020
211,2020/10/09 22:22:59+00,0,0,30165,441,,Past,10/9/2020
212,2020/10/10 22:09:59+00,0,0,30199,441,,Past,10/10/2020
213,2020/10/11 21:59:59+00,0,0,30265,441,,Past,10/11/2020
214,2020/10/12 22:18:59+00,0,0,30398,442,,Past,10/12/2020
215,2020/10/13 22:51:59+00,0,0,,442,,Past,10/13/2020
216,2020/10/14 22:31:00+00,0,0,30601,442,,Past,10/14/2020
217,2020/10/15 22:15:59+00,0,0,30688,442,,Past,10/15/2020
218,2020/10/16 22:06:59+00,0,0,30797,443,,Past,10/16/2020
219,2020/10/17 22:01:00+00,0,0,30908,445,,Past,10/17/2020
220,2020/10/18 21:59:59+00,0,0,30956,445,,Past,10/18/2020
221,2020/10/19 22:06:59+00,0,0,31053,446,,Past,10/19/2020
222,2020/10/20 22:21:00+00,0,0,31159,448,,Past,10/20/2020
223,2020/10/21 21:59:59+00,0,0,31228,448,,Past,10/21/2020
224,2020/10/22 22:12:00+00,0,0,31327,448,,Past,10/22/2020
225,2020/10/23 22:17:00+00,0,0,31411,448,,Past,10/23/2020
226,2020/10/24 22:01:00+00,0,0,31493,449,,Past,10/24/2020
227,2020/10/25 21:59:59+00,0,0,31551,449,,Past,10/25/2020
228,2020/10/26 21:59:59+00,0,0,31653,449,,Past,10/26/2020
229,2020/10/27 22:11:00+00,0,0,31775,449,,Past,10/27/2020
230,2020/10/28 22:11:00+00,0,0,31851,449,,Past,10/28/2020
231,2020/10/29 22:11:00+00,0,0,31943,450,,Past,10/29/2020
232,2020/10/30 22:11:00+00,0,0,32024,451,,Past,10/30/2020
233,2020/10/31 22:11:00+00,0,0,32143,452,,Past,10/31/2020
234,2020/11/01 21:59:59+00,0,0,32220,452,,Past,11/1/2020
235,2020/11/02 21:59:59+00,0,0,32303,454,,Past,11/2/2020
236,2020/11/03 21:59:59+00,0,0,32451,456,,Past,11/3/2020
237,2020/11/04 21:59:59+00,0,0,32605,456,,Past,11/4/2020
238,2020/11/05 21:59:59+00,0,0,32748,456,,Past,11/5/2020
239,2020/11/06 21:59:59+00,0,0,32928,457,,Past,11/6/2020
240,2020/11/07 21:59:59+00,0,0,33016,457,,Past,11/7/2020
241,2020/11/08 21:59:59+00,0,0,33168,457,,Past,11/8/2020
242,2020/11/09 21:59:59+00,0,0,33382,457,,Past,11/9/2020
243,2020/11/10 21:59:59+00,0,0,33559,461,,Past,11/10/2020
244,2020/11/11 21:59:59+00,0,0,33769,462,,Past,11/11/2020
245,2020/11/12 21:59:59+00,0,0,33960,465,,Past,11/12/2020
246,2020/11/13 21:59:59+00,0,0,34204,465,,Past,11/13/2020
247,2020/11/14 21:59:59+00,0,0,34504,466,,Past,11/14/2020
248,2020/11/15 21:59:59+00,0,0,34612,466,,Past,11/15/2020
249,2020/11/16 22:15:00+00,0,0,34769,466,,Past,11/16/2020
250,2020/11/17 22:15:00+00,0,0,35020,469,,Past,11/17/2020
251,2020/11/18 22:15:00+00,0,0,35326,469,,Past,11/18/2020
252,2020/11/19 21:59:59+00,0,0,35616,473,,Past,11/19/2020
253,2020/11/20 21:59:59+00,0,0,35984,476,,Past,11/20/2020
254,2020/11/21 21:59:59+00,0,0,36175,476,,Past,11/21/2020
255,2020/11/22 21:59:59+00,0,0,36436,476,,Past,11/22/2020
256,2020/11/23 21:59:59+00,0,0,36754,476,,Past,11/23/2020
257,2020/11/24 21:59:59+00,0,0,37120,478,,Past,11/24/2020
258,2020/11/25 21:59:59+00,0,0,37238,483,,Past,11/25/2020
259,2020/11/26 22:09:00+00,0,0,37401,483,,Past,11/26/2020
260,2020/11/27 22:09:00+00,0,0,37666,483,,Past,11/27/2020
261,2020/11/28 21:59:59+00,0,0,37898,483,,Past,11/28/2020
262,2020/11/29 21:59:59+00,0,0,38045,483,,Past,11/29/2020
263,2020/11/30 21:59:59+00,0,0,38377,483,,Past,11/30/2020
264,2020/12/01 21:59:59+00,0,0,38757,484,,Past,12/1/2020
265,2020/12/02 21:59:59+00,0,0,39037,486,,Past,12/2/2020
266,2020/12/03 21:59:59+00,0,0,39267,492,,Past,12/3/2020
267,2020/12/04 21:59:59+00,0,0,39566,493,,Past,12/4/2020
268,2020/12/05 21:59:59+00,0,0,39925,494,,Past,12/5/2020
269,2020/12/06 21:59:59+00,0,0,40209,494,,Past,12/6/2020
270,2020/12/07 21:59:59+00,0,0,40481,495,,Past,12/7/2020
271,2020/12/08 21:59:59+00,0,0,40836,496,,Past,12/8/2020
272,2020/12/09 21:59:59+00,0,0,41092,499,,Past,12/9/2020
273,2020/12/10 21:59:59+00,0,0,41519,502,,Past,12/10/2020
274,2020/12/11 21:59:59+00,0,0,41901,504,,Past,12/11/2020
275,2020/12/12 21:59:59+00,0,0,42136,505,,Past,12/12/2020
276,2020/12/13 21:59:59+00,0,0,42441,505,,Past,12/13/2020
277,2020/12/14 21:59:59+00,0,0,42856,507,,Past,12/14/2020
278,2020/12/15 21:59:59+00,0,0,43469,507,,Past,12/15/2020
279,2020/12/16 21:59:59+00,0,0,43836,511,,Past,12/16/2020
280,2020/12/17 21:59:59+00,0,0,44381,512,,Past,12/17/2020
281,2020/12/18 21:59:59+00,0,0,44796,516,,Past,12/18/2020
282,2020/12/19 21:59:59+00,0,0,45070,516,,Past,12/19/2020
283,2020/12/20 21:59:59+00,0,0,45492,516,,Past,12/20/2020
284,2020/12/21 21:59:59+00,0,0,46029,522,,Past,12/21/2020
285,2020/12/22 21:59:59+00,0,0,46701,525,,Past,12/22/2020
286,2020/12/23 21:59:59+00,0,0,47076,528,,Past,12/23/2020
287,2020/12/24 21:59:59+00,0,0,47537,531,,Past,12/24/2020
288,2020/12/25 21:59:59+00,0,0,47793,531,,Past,12/25/2020
289,2020/12/26 21:59:59+00,0,0,48208,531,,Past,12/26/2020
290,2020/12/27 21:59:59+00,0,0,48424,532,,Past,12/27/2020
291,2020/12/28 21:59:59+00,0,0,48951,542,,Past,12/28/2020
292,2020/12/29 21:59:59+00,0,0,49648,544,,Past,12/29/2020
293,2020/12/30 21:59:59+00,0,0,50194,548,,Past,12/30/2020
294,2020/12/31 21:59:59+00,0,0,50595,549,,Past,12/31/2020
295,2021/01/01 21:59:59+00,0,0,51150,550,,Past,1/1/2021
296,2021/01/02 21:59:59+00,0,0,51558,550,,Past,1/2/2021
297,2021/01/03 22:01:00+00,0,0,51956,550,,Past,1/3/2021
298,2021/01/04 21:59:59+00,0,0,52708,554,,Past,1/4/2021
299,2021/01/05 21:59:59+00,0,0,53272,561,,Past,1/5/2021
300,2021/01/06 21:59:59+00,0,0,53935,564,,Past,1/6/2021
301,2021/01/07 21:59:59+00,0,0,54814,565,,Past,1/7/2021
302,2021/01/08 21:59:59+00,0,0,55406,568,,Past,1/8/2021
303,2021/01/09 21:59:59+00,0,0,55870,569,,Past,1/9/2021
304,2021/01/10 21:59:59+00,0,0,,,No Data,Past,1/10/2021
305,2021/01/11 21:59:59+00,0,0,56825,573,,Past,1/11/2021
306,2021/01/12 21:59:59+00,0,0,,,No data,Past,1/12/2021
307,2021/01/13 22:01:00+00,0,0,58286,582,,Past,1/13/2021
308,2021/01/14 21:59:59+00,0,0,59394,591,,Past,1/14/2021
309,2021/01/15 21:59:59+00,0,0,60084,592,,Past,1/15/2021
310,2021/01/16 21:59:59+00,0,0,60379,592,,Past,1/16/2021
311,2021/01/17 21:59:59+00,0,0,60782,592,,Past,1/17/2021
312,2021/01/18 21:59:59+00,0,0,61468,600,,Past,1/18/2021
313,2021/01/19 21:59:59+00,0,0,62302,604,,Past,1/19/2021
314,2021/01/20 21:59:59+00,0,0,63036,621,,Past,1/20/2021
315,2021/01/21 21:59:59+00,0,0,63751,623,,Past,1/21/2021
316,2021/01/22 21:59:59+00,0,0,64291,625,,Past,1/22/2021
317,2021/01/23 21:59:59+00,0,0,64658,625,,Past,1/23/2021
318,2021/01/24 21:59:59+00,0,0,64963,625,,Past,1/24/2021
319,2021/01/25 21:59:59+00,0,0,65507,631,,Past,1/25/2021
320,2021/01/26 21:59:59+00,0,0,66209,641,,Past,1/26/2021
321,2021/01/27 22:55:00+00,0,0,66859,647,,Past,1/27/2021
322,2021/01/28 21:59:59+00,0,0,67566,654,,Past,1/28/2021
323,2021/01/29 21:59:59+00,0,0,68020,655,,Past,1/29/2021
324,2021/01/30 21:59:59+00,0,0,68290,655,,Past,1/30/2021
325,2021/01/31 21:59:59+00,0,0,68731,655,,Past,1/31/2021
326,2021/02/01 21:59:59+00,0,0,69408,660,,Past,2/1/2021
327,2021/02/02 21:59:59+00,0,0,70089,672,,Past,2/2/2021
328,2021/02/03 21:59:59+00,0,0,70631,677,,Past,2/3/2021
329,2021/02/04 21:59:59+00,0,0,71164,680,,Past,2/4/2021
330,2021/02/05 21:59:59+00,0,0,71426,683,,Past,2/5/2021
331,2021/02/06 21:59:59+00,0,0,71623,684,,Past,2/6/2021
332,2021/02/07 21:59:59+00,0,0,71831,684,,Past,2/7/2021
333,2021/02/08 21:59:59+00,0,0,72279,689,,Past,2/8/2021
334,2021/02/09 21:59:59+00,0,0,72625,695,,Past,2/9/2021
335,2021/02/10 21:59:59+00,0,0,72972,701,,Past,2/10/2021
336,2021/02/11 21:59:59+00,0,0,73259,704,,Past,2/11/2021
337,2021/02/12 21:59:59+00,0,0,73538,710,,Past,2/12/2021
338,2021/02/13 21:59:59+00,0,0,,,"Inclement weather,no data",Past,2/13/2021
339,2021/02/14 21:59:59+00,0,0,,,"Inclement weather,no data",Past,2/14/2021
340,2021/02/15 21:59:59+00,0,0,,,"Inclement weather,no data",Past,2/15/2021
341,2021/02/16 21:59:59+00,0,0,,,"Inclement weather,no data",Past,2/16/2021
342,2021/02/17 21:59:59+00,0,0,,,"Inclement weather,no data",Past,2/17/2021
343,2021/02/18 21:59:59+00,0,0,,,"Inclement weather,no data",Past,2/18/2021
344,2021/02/19 21:59:59+00,0,0,,,"Inclement weather,no data",Past,2/19/2021
345,2021/02/20 21:59:59+00,0,0,,,"Inclement weather,no data",Past,2/20/2021
346,2021/02/21 21:59:59+00,0,0,,,"Inclement weather,no data",Past,2/21/2021
347,2021/02/22 21:59:59+00,0,0,74206,714,,Past,2/22/2021
348,2021/02/23 21:59:59+00,0,0,74598,727,,Past,2/23/2021
349,2021/02/24 21:59:59+00,0,0,74835,733,,Past,2/24/2021
350,2021/02/25 21:59:59+00,0,0,75047,734,,Past,2/25/2021
351,2021/02/26 21:59:59+00,0,0,75362,743,,Past,2/26/2021
352,2021/02/27 21:59:59+00,0,0,75617,743,,Past,2/27/2021
353,2021/02/28 21:59:59+00,0,0,75636,743,,Past,2/28/2021
354,2021/03/01 21:59:59+00,0,0,75901,744,,Past,3/1/2021
355,2021/03/02 21:59:59+00,0,0,76088,749,,Past,3/2/2021
356,2021/03/03 21:59:59+00,0,0,76274,754,,Past,3/3/2021
357,2021/03/04 21:59:59+00,0,0,76365,761,,Past,3/4/2021
358,2021/03/05 21:59:59+00,0,0,76447,765,,Past,3/5/2021
359,2021/03/06 21:59:59+00,0,0,76507,766,,Past,3/6/2021
360,2021/03/07 21:59:59+00,0,0,76638,766,,Past,3/7/2021
361,2021/03/08 21:59:59+00,0,0,76742,766,,Past,3/8/2021
362,2021/03/09 21:59:59+00,0,0,76855,772,,Past,3/9/2021
363,2021/03/10 21:59:59+00,0,0,77082,773,,Past,3/10/2021
364,2021/03/11 21:59:59+00,0,0,77231,777,,Past,3/11/2021
365,2021/03/12 21:59:59+00,0,0,77329,778,,Past,3/12/2021
366,2021/03/13 21:59:59+00,0,0,77408,779,,Past,3/13/2021
367,2021/03/14 21:00:00+00,0,0,77485,779,,Past,3/14/2021
368,2021/03/15 21:00:00+00,0,0,77669,780,,Past,3/15/2021
369,2021/03/16 21:00:00+00,0,0,77775,788,,Past,3/16/2021
370,2021/03/17 21:00:00+00,0,0,77831,791,,Past,3/17/2021
371,2021/03/18 21:00:00+00,0,0,77916,796,,Past,3/18/2021
372,2021/03/19 21:00:00+00,0,0,78011,802,,Past,3/19/2021
373,2021/03/20 21:00:00+00,0,0,78108,802,,Past,3/20/2021
374,2021/03/21 21:00:00+00,0,0,78193,802,,Past,3/21/2021
375,2021/03/22 21:00:00+00,0,0,78308,802,,Past,3/22/2021
376,2021/03/23 21:00:00+00,0,0,78372,803,,Past,3/23/2021
377,2021/03/24 21:00:00+00,0,0,78496,806,,Past,3/24/2021
378,2021/03/25 21:00:00+00,0,0,78602,811,,Past,3/25/2021
379,2021/03/26 21:00:00+00,0,0,78661,812,,Past,3/26/2021
380,2021/03/27 21:00:00+00,0,0,78828,812,,Past,3/27/2021
381,2021/03/28 21:00:00+00,0,0,78907,812,,Past,3/28/2021
382,2021/03/29 21:00:00+00,0,0,78994,812,,Past,3/29/2021
383,2021/03/30 21:00:00+00,0,0,79085,816,,Past,3/30/2021
384,2021/03/31 21:00:00+00,0,0,79217,817,,Past,3/31/2021
385,2021/04/01 21:00:00+00,0,0,79324,818,,Past,4/1/2021
386,2021/04/02 21:00:00+00,0,0,79422,819,,Past,4/2/2021
387,2021/04/03 21:00:00+00,0,0,79493,819,,Past,4/3/2021
388,2021/04/04 21:00:00+00,0,0,,,No Data,Past,4/4/2021
389,2021/04/05 21:00:00+00,0,0,79645,819,,Past,4/5/2021
390,2021/04/06 21:00:00+00,0,0,79787,821,,Past,4/6/2021
391,2021/04/07 21:00:00+00,0,0,79922,821,,Past,4/7/2021
392,2021/04/08 21:00:00+00,0,0,80031,823,,Past,4/8/2021
393,2021/04/09 21:00:00+00,0,0,80123,823,,Past,4/9/2021
394,2021/04/10 21:00:00+00,0,0,80272,823,,Past,4/10/2021
395,2021/04/11 21:00:00+00,0,0,80446,823,,Past,4/11/2021
396,2021/04/12 21:00:00+00,0,0,80533,823,,Past,4/12/2021
397,2021/04/13 21:00:00+00,0,0,80642,829,,Past,4/13/2021
398,2021/04/14 21:00:00+00,0,0,80799,831,,Past,4/14/2021
399,2021/04/15 21:00:00+00,0,0,80909,835,,Past,4/15/2021
400,2021/04/16 21:00:00+00,0,0,81002,837,,Past,4/16/2021
401,2021/04/17 21:00:00+00,0,0,81138,837,,Past,4/17/2021
402,2021/04/18 21:00:00+00,0,0,81199,837,,Past,4/18/2021
403,2021/04/19 21:00:00+00,0,0,81342,837,,Past,4/19/2021
404,2021/04/20 21:00:00+00,0,0,81470,839,,Past,4/20/2021
405,2021/04/21 21:00:00+00,0,0,81551,840,,Past,4/21/2021
406,2021/04/22 21:00:00+00,0,0,81600,844,,Past,4/22/2021
407,2021/04/23 21:00:00+00,0,0,81686,845,,Past,4/23/2021
408,2021/04/24 21:00:00+00,0,0,81739,845,,Past,4/24/2021
409,2021/04/25 21:00:00+00,0,0,81811,845,,Past,4/25/2021
410,2021/04/26 21:00:00+00,0,0,81906,847,,Past,4/26/2021
411,2021/04/27 21:00:00+00,0,0,82057,847,,Past,4/27/2021
412,2021/04/28 21:00:00+00,0,0,82152,847,,Past,4/28/2021
413,2021/04/29 21:00:00+00,0,0,82257,848,,Past,4/29/2021
414,2021/04/30 21:00:00+00,0,0,82339,851,,Past,4/30/2021
415,2021/05/01 21:00:00+00,0,0,82402,851,,Past,5/1/2021
416,2021/05/02 21:00:00+00,0,0,82448,851,,Past,5/2/2021
417,2021/05/03 21:00:00+00,0,0,82526,851,,Past,5/3/2021
418,2021/05/04 21:00:00+00,0,0,82566,854,,Past,5/4/2021
419,2021/05/05 21:00:00+00,0,0,82658,856,,Past,5/5/2021
420,2021/05/06 21:00:00+00,0,0,82733,858,,Past,5/6/2021
421,2021/05/07 21:00:00+00,0,0,82815,858,,Past,5/7/2021
422,2021/05/08 21:00:00+00,0,0,82882,858,,Past,5/8/2021
423,2021/05/09 21:00:00+00,0,0,82901,858,,Past,5/9/2021
424,2021/05/10 21:00:00+00,0,0,83002,859,,Past,5/10/2021
425,2021/05/11 21:00:00+00,0,0,83062,861,,Past,5/11/2021
426,2021/05/12 21:00:00+00,0,0,83145,863,,Past,5/12/2021
427,2021/05/13 21:00:00+00,0,0,83201,863,,Past,5/13/2021
428,2021/05/14 21:00:00+00,0,0,83261,864,,Past,5/14/2021
429,2021/05/15 21:00:00+00,0,0,,,No Data,Past,5/15/2021
430,2021/05/16 21:00:00+00,0,0,,,No Data,Past,5/16/2021
431,2021/05/17 21:00:00+00,0,0,83366,864,,Past,5/17/2021
432,2021/05/18 21:00:00+00,0,0,83403,866,,Past,5/18/2021
433,2021/05/19 21:00:00+00,0,0,83457,866,,Past,5/19/2021
434,2021/05/20 21:00:00+00,0,0,83495,866,,Past,5/20/2021
435,2021/05/21 21:00:00+00,0,0,83524,866,,Past,5/21/2021
436,2021/05/22 21:00:00+00,0,0,,,No Data,Past,5/22/2021
437,2021/05/23 21:00:00+00,0,0,,,No Data,Past,5/23/2021
438,2021/05/24 21:00:00+00,0,0,,,No Data,Past,5/24/2021
439,2021/05/25 21:00:00+00,0,0,83616,866,,Past,5/25/2021
440,2021/05/26 21:00:00+00,0,0,83650,867,,Past,5/26/2021
441,2021/05/27 21:00:00+00,0,0,83693,870,,Past,5/27/2021
442,2021/05/28 21:00:00+00,0,0,83722,870,,Past,5/28/2021
443,2021/05/29 21:00:00+00,0,0,,,No Data,Past,5/29/2021
444,2021/05/30 21:00:00+00,0,0,,,No Data,Past,5/30/2021
445,2021/05/31 21:00:00+00,0,0,,,No Data,Past,5/31/2021
446,2021/06/01 21:00:00+00,0,0,83765,871,,Past,6/1/2021
447,2021/06/02 21:00:00+00,0,0,83830,872,,Past,6/2/2021
448,2021/06/03 21:00:00+00,0,0,83878,873,,Past,6/3/2021
449,2021/06/04 21:00:00+00,0,0,83910,873,,Past,6/4/2021
450,2021/06/05 21:00:00+00,0,0,,,No Data,Past,6/5/2021
451,2021/06/06 21:00:00+00,0,0,,,No Data,Past,6/6/2021
452,2021/06/07 21:00:00+00,0,0,83962,873,,Past,6/7/2021
453,2021/06/08 21:00:00+00,0,0,84047,873,,Past,6/8/2021
454,2021/06/09 21:00:00+00,0,0,84072,873,,Past,6/9/2021
455,2021/06/10 21:00:00+00,0,0,84104,873,,Past,6/10/2021
456,2021/06/11 21:00:00+00,0,0,,,No Data,Past,6/11/2021
457,2021/06/12 21:00:00+00,0,0,,,No Data,Past,6/12/2021
458,2021/06/13 21:00:00+00,0,0,,,No Data,Past,6/13/2021
459,2021/06/14 21:00:00+00,0,0,,,No Data,Past,6/14/2021
460,2021/06/15 21:00:00+00,0,0,84274,877,No Data,Past,6/15/2021
461,2021/06/16 21:00:00+00,0,0,84303,878,,Past,6/16/2021
462,2021/06/17 21:00:00+00,0,0,84344,878,,Past,6/17/2021
463,2021/06/18 21:00:00+00,0,0,,,Holiday no data entered,Past,6/18/2021
464,2021/06/19 21:00:00+00,0,0,,,Weekend no data entered,Past,6/19/2021
465,2021/06/20 21:00:00+00,0,0,,,Weekend no data entered,Past,6/20/2021
466,2021/06/21 21:00:00+00,0,0,84383,879,,Past,6/21/2021
467,2021/06/22 21:00:00+00,0,0,84467,880,,Past,6/22/2021
468,2021/06/23 21:00:00+00,0,0,84509,881,,Past,6/23/2021
469,2021/06/24 21:00:00+00,0,0,84534,881,,Past,6/24/2021
470,2021/06/25 21:00:00+00,0,0,84571,881,,Past,6/25/2021
471,2021/06/26 21:00:00+00,0,0,,,Weekend no data entered,Past,6/26/2021
472,2021/06/27 21:00:00+00,0,0,,,Weekend no data entered,Past,6/27/2021
473,2021/06/28 21:00:00+00,0,0,84610,881,,Past,6/28/2021
474,2021/06/29 21:00:00+00,0,0,84706,881,,Past,6/29/2021
475,2021/06/30 21:00:00+00,0,0,84728,881,,Past,6/30/2021
476,2021/07/01 21:00:00+00,0,0,84770,881,,Past,7/1/2021
477,2021/07/02 21:00:00+00,0,0,84842,884,,Past,7/2/2021
478,2021/07/03 21:00:00+00,0,0,,,Weekend no data entered,Past,7/3/2021
479,2021/07/04 21:00:00+00,0,0,,,Weekend no data entered,Past,7/4/2021
480,2021/07/05 21:00:00+00,0,0,,,Holiday no data entered,Past,7/5/2021
481,2021/07/06 21:00:00+00,0,0,84888,884,,Past,7/6/2021
482,2021/07/07 21:00:00+00,0,0,85047,885,,Past,7/7/2021
483,2021/07/08 21:00:00+00,0,0,85127,887,,Past,7/8/2021
484,2021/07/09 21:00:00+00,0,0,85199,887,,Past,7/9/2021
485,2021/07/10 21:00:00+00,0,0,,,Weekend no data entered,Past,7/10/2021
486,2021/07/11 21:00:00+00,0,0,,,Weekend no data entered,Past,7/11/2021
487,2021/07/12 21:00:00+00,0,0,85284,887,,Past,7/12/2021
488,2021/07/13 21:00:00+00,0,0,85486,888,,Past,7/13/2021
489,2021/07/14 21:00:00+00,0,0,85614,889,,Past,7/14/2021
490,2021/07/15 21:00:00+00,0,0,85787,891,,Past,7/15/2021
491,2021/07/16 21:00:00+00,0,0,85920,891,,Past,7/16/2021
492,2021/07/17 21:00:00+00,0,0,,,Weekend no data entered,Past,7/17/2021
493,2021/07/18 21:00:00+00,0,0,,,Weekend no data entered,Past,7/18/2021
494,2021/07/19 21:00:00+00,0,0,86079,893,,Past,7/19/2021
495,2021/07/20 21:00:00+00,0,0,86361,893,,Past,7/20/2021
496,2021/07/21 21:00:00+00,0,0,86524,893,,Past,7/21/2021
497,2021/07/22 21:00:00+00,0,0,86826,894,,Past,7/22/2021
498,2021/07/23 21:00:00+00,0,0,87125,894,,Past,7/23/2021
499,2021/07/24 21:00:00+00,0,0,,,Weekend no data entered,Past,7/24/2021
500,2021/07/25 21:00:00+00,0,0,,,Weekend no data entered,Past,7/25/2021
501,2021/07/26 21:00:00+00,0,0,87571,894,,Past,7/26/2021
502,2021/07/27 21:00:00+00,0,0,87946,897,,Past,7/27/2021
503,2021/07/28 21:00:00+00,0,0,88436,898,,Past,7/28/2021
504,2021/07/29 21:00:00+00,0,0,88887,900,,Past,7/29/2021
505,2021/07/30 21:00:00+00,0,0,89433,900,,Past,7/30/2021
506,2021/07/31 21:00:00+00,0,0,,,Weekend no data entered,Past,7/31/2021
507,2021/08/01 21:00:00+00,0,0,,,Weekend no data entered,Past,8/1/2021
508,2021/08/02 21:00:00+00,0,0,90126,901,,Past,8/2/2021
509,2021/08/03 21:00:00+00,0,0,90727,901,,Past,8/3/2021
510,2021/08/04 21:00:00+00,0,0,91254,901,,Past,8/4/2021
511,2021/08/05 21:00:00+00,0,0,91894,901,,Past,8/5/2021
512,2021/08/06 21:00:00+00,0,0,92361,903,,Past,8/6/2021
513,2021/08/07 21:00:00+00,0,0,,,Weekend no data entered,Past,8/7/2021
514,2021/08/08 21:00:00+00,0,0,,,Weekend no data entered,Past,8/8/2021
515,2021/08/09 21:00:00+00,0,0,92806,903,,Past,8/9/2021
516,2021/08/10 21:00:00+00,0,0,93389,904,,Past,8/10/2021
517,2021/08/11 21:00:00+00,0,0,93922,907,,Past,8/11/2021
518,2021/08/12 21:00:00+00,0,0,94400,912,,Past,8/12/2021
519,2021/08/13 21:00:00+00,0,0,95054,912,,Past,8/13/2021
520,2021/08/14 21:00:00+00,0,0,,,Weekend no data entered,Past,8/14/2021
521,2021/08/15 21:00:00+00,0,0,,,Weekend no data entered,Past,8/15/2021
522,2021/08/16 21:00:00+00,0,0,96009,919,,Past,8/16/2021
523,2021/08/17 21:00:00+00,0,0,96668,923,,Past,8/17/2021
524,2021/08/18 21:00:00+00,0,0,97515,924,,Past,8/18/2021
525,2021/08/19 21:00:00+00,0,0,98256,924,,Past,8/19/2021
526,2021/08/20 21:00:00+00,0,0,99009,924,,Past,8/20/2021
527,2021/08/21 21:00:00+00,0,0,,,Weekend no data entered,Past,8/21/2021
528,2021/08/22 21:00:00+00,0,0,,,Weekend no data entered,Past,8/22/2021
529,2021/08/23 21:00:00+00,0,0,99717,927,,Past,8/23/2021
530,2021/08/24 21:00:00+00,0,0,100341,928,,Past,8/24/2021
531,2021/08/25 21:00:00+00,0,0,100976,928,,Past,8/25/2021
532,2021/08/26 21:00:00+00,0,0,101576,936,,Past,8/26/2021
533,2021/08/27 21:00:00+00,0,0,102283,943,,Past,8/27/2021
534,2021/08/28 21:00:00+00,0,0,,,Weekend no data entered,Past,8/28/2021
535,2021/08/29 21:00:00+00,0,0,,,Weekend no data entered,Past,8/29/2021
536,2021/08/30 21:00:00+00,0,0,103169,948,,Past,8/30/2021
537,2021/08/31 21:00:00+00,0,0,103893,955,,Past,8/31/2021
538,2021/09/01 21:00:00+00,0,0,104530,961,,Past,9/1/2021
539,2021/09/02 21:00:00+00,0,0,105250,973,,Past,9/2/2021
540,2021/09/03 21:00:00+00,0,0,105988,979,,Past,9/3/2021
541,2021/09/04 21:00:00+00,0,0,,,Weekend no data entered,Past,9/4/2021
542,2021/09/05 21:00:00+00,0,0,,,Weekend no data entered,Past,9/5/2021
543,2021/09/06 21:00:00+00,0,0,,,Holiday no data entered,Past,9/6/2021
544,2021/09/07 21:00:00+00,0,0,107248,981,,Past,9/7/2021
545,2021/09/08 21:00:00+00,0,0,107895,1004,,Past,9/8/2021
546,2021/09/09 21:00:00+00,0,0,108932,1015,,Past,9/9/2021
547,2021/09/10 21:00:00+00,0,0,109645,1015,,Past,9/10/2021
548,2021/09/11 21:00:00+00,0,0,,,Weekend no data entered,Past,9/11/2021
549,2021/09/12 21:00:00+00,0,0,,,Weekend no data entered,Past,9/12/2021
550,2021/09/13 21:00:00+00,0,0,110057,1023,,Past,9/13/2021
551,2021/09/14 21:00:00+00,0,0,110733,1035,,Past,9/14/2021
552,2021/09/15 21:00:00+00,0,0,111361,1038,,Past,9/15/2021
553,2021/09/16 21:00:00+00,0,0,111701,1042,,Past,9/16/2021
554,2021/09/17 21:00:00+00,0,0,112089,1050,,Past,9/17/2021
555,2021/09/18 21:00:00+00,0,0,,,Weekend no data entered,Past,9/18/2021
556,2021/09/19 21:00:00+00,0,0,,,Weekend no data entered,Past,9/19/2021
557,2021/09/20 21:00:00+00,0,0,112620,1055,,Past,9/20/2021
558,2021/09/21 21:00:00+00,0,0,113132,1058,,Past,9/21/2021
559,2021/09/22 21:00:00+00,0,0,113490,1066,,Past,9/22/2021
560,2021/09/23 21:00:00+00,0,0,113743,1076,,Past,9/23/2021
561,2021/09/24 21:00:00+00,0,0,114060,1083,,Past,9/24/2021
562,2021/09/25 21:00:00+00,0,0,,,Weekend no data entered,Past,9/25/2021
563,2021/09/26 21:00:00+00,0,0,,,Weekend no data entered,Past,9/26/2021
564,2021/09/27 21:00:00+00,0,0,114374,1089,,Past,9/27/2021
565,2021/09/28 21:00:00+00,0,0,114766,1093,,Past,9/28/2021
566,2021/09/29 21:00:00+00,0,0,115108,1095,,Past,9/29/2021
567,2021/09/30 21:00:00+00,0,0,115423,1096,,Past,9/30/2021
568,2021/10/01 21:00:00+00,0,0,115667,1097,,Past,10/1/2021
569,2021/10/02 21:00:00+00,0,0,,,Weekend no data entered,Past,10/2/2021
570,2021/10/03 21:00:00+00,0,0,,,Weekend no data entered,Past,10/3/2021
571,2021/10/04 21:00:00+00,0,0,115947,1107,,Past,10/4/2021
572,2021/10/05 21:00:00+00,0,0,116248,1109,,Past,10/5/2021
573,2021/10/06 21:00:00+00,0,0,116389,1114,,Past,10/6/2021
574,2021/10/07 21:00:00+00,0,0,116621,1116,,Past,10/7/2021
575,2021/10/08 21:00:00+00,0,0,116783,1119,,Past,10/8/2021
576,2021/10/09 21:00:00+00,0,0,,,Weekend no data entered,Past,10/9/2021
577,2021/10/10 21:00:00+00,0,0,,,Weekend no data entered,Past,10/10/2021
578,2021/10/11 21:00:00+00,0,0,117141,1121,,Past,10/11/2021
579,2021/10/12 21:00:00+00,0,0,117397,1122,,Past,10/12/2021
580,2021/10/13 21:00:00+00,0,0,117807,1128,,Past,10/13/2021
581,2021/10/14 21:00:00+00,0,0,117954,1130,,Past,10/14/2021
582,2021/10/15 21:00:00+00,0,0,118150,1133,,Past,10/15/2021
583,2021/10/16 21:00:00+00,0,0,,,Weekend no data entered,Past,10/16/2021
584,2021/10/17 21:00:00+00,0,0,,,Weekend no data entered,Past,10/17/2021
585,2021/10/18 21:00:00+00,0,0,118391,1135,,Past,10/18/2021
586,2021/10/19 21:00:00+00,0,0,118564,1136,,Past,10/19/2021
587,2021/10/20 21:00:00+00,0,0,118671,1143,,Past,10/20/2021
588,2021/10/21 21:00:00+00,0,0,118822,1145,,Past,10/21/2021
589,2021/10/22 21:00:00+00,0,0,118951,1148,,Past,10/22/2021
590,2021/10/23 21:00:00+00,0,0,,,Weekend no data entered,Past,10/23/2021
591,2021/10/24 21:00:00+00,0,0,,,Weekend no data entered,Past,10/24/2021
592,2021/10/25 21:00:00+00,0,0,119220,1151,,Past,10/25/2021
593,2021/10/26 21:00:00+00,0,0,119391,1152,,Past,10/26/2021
594,2021/10/27 21:00:00+00,0,0,119524,1156,,Past,10/27/2021
595,2021/10/28 21:00:00+00,0,0,119609,1157,,Past,10/28/2021
596,2021/10/29 21:00:00+00,0,0,119762,1163,,Past,10/29/2021
597,2021/10/30 21:00:00+00,0,0,,,Weekend no data entered,Past,10/30/2021
598,2021/10/31 21:00:00+00,0,0,,,Weekend no data entered,Past,10/31/2021
599,2021/11/01 21:00:00+00,0,0,119847,1163,,Past,11/1/2021
600,2021/11/02 21:00:00+00,0,0,120106,1163,,Past,11/2/2021
601,2021/11/03 21:00:00+00,0,0,120179,1165,,Past,11/3/2021
602,2021/11/04 21:00:00+00,0,0,120299,1167,,Past,11/4/2021
603,2021/11/05 21:00:00+00,0,0,120366,1167,,Past,11/5/2021
604,2021/11/06 21:00:00+00,0,0,,,Weekend no data entered,Past,11/6/2021
605,2021/11/07 21:59:59+00,0,0,,,Weekend no data entered,Past,11/7/2021
606,2021/11/08 21:59:59+00,0,0,120481,1172,,Past,11/8/2021
607,2021/11/09 21:59:59+00,0,0,120737,1175,,Past,11/9/2021
608,2021/11/10 21:59:59+00,0,0,120844,1176,,Past,11/10/2021
609,2021/11/11 21:59:59+00,0,0,,,Holiday no data entered,Past,11/11/2021
610,2021/11/12 21:59:59+00,0,0,120940,1177,,Past,11/12/2021
611,2021/11/13 21:59:59+00,0,0,,,Weekend no data entered,Past,11/13/2021
612,2021/11/14 21:59:59+00,0,0,,,Weekend no data entered,Past,11/14/2021
613,2021/11/15 21:59:59+00,0,0,121156,1179,,Past,11/15/2021
614,2021/11/16 21:59:59+00,0,0,121361,1180,,Past,11/16/2021
615,2021/11/17 21:59:59+00,0,0,121508,1181,,Past,11/17/2021
616,2021/11/18 21:59:59+00,0,0,121617,1182,,Past,11/18/2021
617,2021/11/19 21:59:59+00,0,0,121709,1184,,Past,11/19/2021
618,2021/11/20 21:59:59+00,0,0,,,Weekend no data entered,Past,11/20/2021
619,2021/11/21 21:59:59+00,0,0,,,Weekend no data entered,Past,11/21/2021
620,2021/11/22 21:59:59+00,0,0,121812,1184,,Past,11/22/2021
621,2021/11/23 21:59:59+00,0,0,122029,1184,,Past,11/23/2021
622,2021/11/24 21:59:59+00,0,0,122176,1185,,Past,11/24/2021
623,2021/11/25 21:59:59+00,0,0,,,Holiday no data entered,Past,11/25/2021
624,2021/11/26 21:59:59+00,0,0,,,Holiday no data entered,Past,11/26/2021
625,2021/11/27 21:59:59+00,0,0,,,Weekend no data entered,Past,11/27/2021
626,2021/11/28 21:59:59+00,0,0,,,Weekend no data entered,Past,11/28/2021
627,2021/11/29 21:59:59+00,0,0,122277,1185,,Past,11/29/2021
628,2021/11/30 21:59:59+00,0,0,122630,1188,,Past,11/30/2021
629,2021/12/01 21:59:59+00,0,0,122809,1188,,Past,12/1/2021
630,2021/12/02 21:59:59+00,0,0,122933,1192,,Past,12/2/2021
631,2021/12/03 21:59:59+00,0,0,123040,1194,,Past,12/3/2021
632,2021/12/04 21:59:59+00,0,0,,,Weekend no data entered,Past,12/4/2021
633,2021/12/05 21:59:59+00,0,0,,,Weekend no data entered,Past,12/5/2021
634,2021/12/06 21:59:59+00,0,0,123240,1195,,Past,12/6/2021
635,2021/12/07 21:59:59+00,0,0,123514,1198,,Past,12/7/2021
636,2021/12/08 21:59:59+00,0,0,123701,1201,,Past,12/8/2021
637,2021/12/09 21:59:59+00,0,0,123854,1203,,Past,12/9/2021
638,2021/12/10 21:59:59+00,0,0,123993,1206,,Past,12/10/2021
639,2021/12/11 21:59:59+00,0,0,,,Weekend no data entered,Past,12/11/2021
640,2021/12/12 21:59:59+00,0,0,,,Weekend no data entered,Past,12/12/2021
641,2021/12/13 21:59:59+00,0,0,124142,1207,,Past,12/13/2021
642,2021/12/14 21:59:59+00,0,0,124484,1207,,Past,12/14/2021
643,2021/12/15 21:59:59+00,0,0,124631,1208,,Past,12/15/2021
644,2021/12/16 21:59:59+00,0,0,124869,1210,,Past,12/16/2021
645,2021/12/17 21:59:59+00,0,0,125272,1210,,Past,12/17/2021
646,2021/12/18 21:59:59+00,0,0,,,Weekend no data entered,Past,12/18/2021
647,2021/12/19 21:59:59+00,0,0,,,Weekend no data entered,Past,12/19/2021
648,2021/12/20 21:59:59+00,0,0,125592,1212,,Past,12/20/2021
649,2021/12/21 21:59:59+00,0,0,126437,1213,,Past,12/21/2021
650,2021/12/22 21:59:59+00,0,0,127100,1213,,Past,12/22/2021
651,2021/12/23 21:59:59+00,0,0,,,Holiday no data entered,Past,12/23/2021
652,2021/12/24 21:59:59+00,0,0,,,Holiday no data entered,Past,12/24/2021
653,2021/12/25 21:59:59+00,0,0,,,Weekend no data entered,Past,12/25/2021
654,2021/12/26 21:59:59+00,0,0,,,Weekend no data entered,Past,12/26/2021
655,2021/12/27 21:59:59+00,0,0,127569,1214,,Past,12/27/2021
656,2021/12/28 21:59:59+00,0,0,128434,1216,,Past,12/28/2021
657,2021/12/29 21:59:59+00,0,0,129518,1218,,Past,12/29/2021
658,2021/12/30 21:59:59+00,0,0,130386,1218,,Past,12/30/2021
659,2021/12/31 21:59:59+00,0,0,131240,1218,Holiday Data delayed ,Past,12/31/2021
660,2022/01/01 21:59:59+00,0,0,,,Weekend no data entered,Past,1/1/2022
661,2022/01/02 21:59:59+00,0,0,,,Weekend no data entered,Past,1/2/2022
662,2022/01/03 21:59:59+00,0,0,132285,1218,,Past,1/3/2022
663,2022/01/04 21:59:59+00,0,0,133434,1220,,Past,1/4/2022
664,2022/01/05 21:59:59+00,0,0,134684,1220,,Past,1/5/2022
665,2022/01/06 21:59:59+00,0,0,136004,1221,,Past,1/6/2022
666,2022/01/07 21:59:59+00,0,0,137126,1221,,Past,1/7/2022
667,2022/01/08 21:59:59+00,0,0,,,Weekend no data entered,Past,1/8/2022
668,2022/01/09 21:59:59+00,0,0,,,Weekend no data entered,Past,1/9/2022
669,2022/01/10 21:59:59+00,0,0,138751,1222,,Past,1/10/2022
670,2022/01/11 21:59:59+00,0,0,139969,1223,,Past,1/11/2022
671,2022/01/12 21:59:59+00,0,0,141049,1223,,Past,1/12/2022
672,2022/01/13 21:59:59+00,0,0,142348,1223,,Past,1/13/2022
673,2022/01/14 21:59:59+00,0,0,143911,1225,,Past,1/14/2022
674,2022/01/15 21:59:59+00,0,0,,,Weekend no data entered,Past,1/15/2022
675,2022/01/16 21:59:59+00,0,0,,,Weekend no data entered,Past,1/16/2022
676,2022/01/17 21:59:59+00,0,0,,,Holiday no data entered,Past,1/17/2022
677,2022/01/18 21:59:59+00,0,0,147773,1227,,Past,1/18/2022
678,2022/01/19 21:59:59+00,0,0,148820,1227,,Past,1/19/2022
679,2022/01/20 21:59:59+00,0,0,149949,1231,,Past,1/20/2022
680,2022/01/21 21:59:59+00,0,0,154865,1235,,Past,1/21/2022
681,2022/01/22 21:59:59+00,0,0,,,Weekend no data entered,Past,1/22/2022
682,2022/01/23 21:59:59+00,0,0,,,Weekend no data entered,Past,1/23/2022
683,2022/01/24 21:59:59+00,0,0,157015,1237,,Past,1/24/2022
684,2022/01/25 21:59:59+00,0,0,163736,1249,,Past,1/25/2022
685,2022/01/26 21:59:59+00,0,0,164913,1254,,Past,1/26/2022
686,2022/01/27 21:59:59+00,0,0,165906,1257,,Past,1/27/2022
687,2022/01/28 21:59:59+00,0,0,167032,1260,,Past,1/28/2022
688,2022/01/29 21:59:59+00,0,0,,,Weekend no data entered,Past,1/29/2022
689,2022/01/30 21:59:59+00,0,0,,,Weekend no data entered,Past,1/30/2022
690,2022/01/31 21:59:59+00,0,0,168740,1264,,Past,1/31/2022
691,2022/02/01 21:59:59+00,0,0,169561,1273,,Past,2/1/2022
692,2022/02/02 21:59:59+00,0,0,180152,1276,,Past,2/2/2022
693,2022/02/03 21:59:59+00,0,0,,,"Inclement weather,no data",Past,2/3/2022
694,2022/02/04 21:59:59+00,0,0,,,"Inclement weather,no data",Past,2/4/2022
695,2022/02/05 21:59:59+00,0,0,,,Weekend no data entered,Past,2/5/2022
696,2022/02/06 21:59:59+00,0,0,,,Weekend no data entered,Past,2/6/2022
697,2022/02/07 21:59:59+00,0,0,181202,1281,,Past,2/7/2022
698,2022/02/08 21:59:59+00,0,0,182026,1283,,Past,2/8/2022
699,2022/02/09 21:59:59+00,0,0,182715,1295,,Past,2/9/2022
700,2022/02/10 21:59:59+00,0,0,183500,1301,,Past,2/10/2022
701,2022/02/11 21:59:59+00,0,0,184301,1314,,Past,2/11/2022
702,2022/02/12 21:59:59+00,0,0,,,Weekend no data entered,Past,2/12/2022
703,2022/02/13 21:59:59+00,0,0,,,Weekend no data entered,Past,2/13/2022
704,2022/02/14 21:59:59+00,0,0,185749,1321,,Past,2/14/2022
705,2022/02/15 21:59:59+00,0,0,186379,1322,,Past,2/15/2022
706,2022/02/16 21:59:59+00,0,0,187078,1329,,Past,2/16/2022
707,2022/02/17 21:59:59+00,0,0,188710,1334,,Past,2/17/2022
708,2022/02/18 21:59:59+00,0,0,189146,1336,,Past,2/18/2022
709,2022/02/19 21:59:59+00,0,0,,,Weekend no data entered,Past,2/19/2022
710,2022/02/20 21:59:59+00,0,0,,,Weekend no data entered,Past,2/20/2022
711,2022/02/21 21:59:59+00,0,0,,,Holiday no data entered,Past,2/21/2022
712,2022/02/22 21:59:59+00,0,0,197471,1343,,Past,2/22/2022
713,2022/02/23 21:59:59+00,0,0,197996,1345,,Past,2/23/2022
714,2022/02/24 21:59:59+00,0,0,198532,1347,,Past,2/24/2022
715,2022/02/25 21:59:59+00,0,0,198889,1350,,Past,2/25/2022
716,2022/02/26 21:59:59+00,,,,,Weekend no data entered,Past,2/26/2022
717,2022/02/27 21:59:59+00,,,,,Weekend no data entered,Past,2/27/2022
718,2022/02/28 21:59:59+00,0,0,199845,1350,,Past,2/28/2022
719,2022/03/01 21:59:59+00,0,0,200385,1353,,Past,3/1/2022
720,2022/03/02 21:59:59+00,0,0,200676,1354,,Past,3/2/2022
721,2022/03/03 21:59:59+00,200841,23056,223897,1432,Transition to adding the Antigen Counts,Past,3/3/2022
722,2022/03/04 21:59:59+00,200997,23529,224526,1433,,Past,3/4/2022
723,2022/03/05 21:59:59+00,,,,,Weekend no data entered,Past,3/5/2022
724,2022/03/06 21:59:59+00,,,,,Weekend no data entered,Past,3/6/2022
725,2022/03/07 21:59:59+00,201345,23631,224976,1433,,Past,3/7/2022
726,2022/03/08 21:59:59+00,201603,23816,225419,1441,,Past,3/8/2022
727,2022/03/09 21:59:59+00,201885,23908,225793,1443,,Past,3/9/2022
728,2022/03/10 21:59:59+00,208548,24073,232621,1443,,Past,3/10/2022
729,2022/03/11 21:59:59+00,208698,24135,232833,1444,,Past,3/11/2022
730,2022/03/12 21:59:59+00,,,,,Weekend no data entered,Past,3/12/2022
731,2022/03/13 21:59:59+00,,,,,Weekend no data entered,Past,3/13/2022
732,2022/03/14 21:59:59+00,208817,24297,233114,1446,,Past,3/14/2022
733,2022/03/15 21:59:59+00,209086,24324,233410,1448,,Past,3/15/2022
734,2022/03/16 21:59:59+00,209190,24483,233673,1451,,Past,3/16/2022
735,2022/03/17 21:59:59+00,209625,24564,234189,1451,,Past,3/17/2022
736,2022/03/18 21:59:59+00,209692,24648,234340,1452,,Past,3/18/2022
737,2022/03/19 21:59:59+00,,,,,Weekend no data entered,Past,3/19/2022
738,2022/03/20 21:59:59+00,,,,,Weekend no data entered,Past,3/20/2022
739,2022/03/21 21:59:59+00,210120,24713,234833,1455,,Past,3/21/2022
740,2022/03/22 21:59:59+00,210289,24865,235154,1455,,Past,3/22/2022
741,2022/03/23 21:59:59+00,210422,24991,235413,1458,,Past,3/23/2022
742,2022/03/24 21:59:59+00,210513,25184,235697,1458,,Past,3/24/2022
743,2022/03/25 21:59:59+00,210580,25378,235958,1459,,Past,3/25/2022
744,2022/03/26 21:59:59+00,,,,,Weekend no data entered,Past,3/26/2022
745,2022/03/27 21:59:59+00,,,,,Weekend no data entered,Past,3/27/2022
746,2022/03/28 21:59:59+00,210695,25584,236279,1461,,Past,3/28/2022
748,2022/03/29 21:59:59+00,210979,25713,236692,1467,,Past,3/29/2022
749,2022/03/30 21:59:59+00,211047,25907,236954,1478,,Past,3/30/2022
750,2022/03/31 21:59:59+00,211129,26196,237325,1479,,Past,3/31/2022
751,2022/04/01 21:59:59+00,211252,26440,237692,1483,,Past,4/1/2022
752,2022/04/02 21:59:59+00,,,,,Weekend no data entered,Past,4/2/2022
753,2022/04/03 21:59:59+00,,,,,Weekend no data entered,Past,4/3/2022
754,2022/04/04 21:59:59+00,211448,26724,238172,1490,,Past,4/4/2022
755,2022/04/05 21:59:59+00,211729,26949,238678,1492,,Past,4/5/2022
756,2022/04/06 21:59:59+00,211760,27267,239027,1497,,Past,4/6/2022
757,2022/04/07 21:59:59+00,211867,27449,239316,1499,,Past,4/7/2022
758,2022/04/08 21:59:59+00,211995,27718,239713,1499,,Past,4/8/2022
759,2022/04/09 21:59:59+00,,,,,Weekend no data entered,Past,4/9/2022
760,2022/04/10 21:59:59+00,,,,,Weekend no data entered,Past,4/10/2022
761,2022/04/11 21:59:59+00,212236,27972,240208,1499,,Past,4/11/2022
762,2022/04/12 21:59:59+00,212503,28187,240690,1501,,Past,4/12/2022
763,2022/04/13 21:59:59+00,212621,28548,241169,1501,,Past,4/13/2022
764,2022/04/14 21:59:59+00,212781,28821,241602,1501,,Past,4/14/2022
765,2022/04/15 21:59:59+00,212984,29287,242271,1504,,Past,4/15/2022
766,2022/04/16 21:59:59+00,,,,,Weekend no data entered,Past,4/16/2022
767,2022/04/17 21:59:59+00,,,,,Weekend no data entered,Past,4/17/2022
768,2022/04/18 21:59:59+00,213164,29572,242736,1519,,Past,4/18/2022
769,2022/04/19 21:59:59+00,213457,29847,243304,1520,,Past,4/19/2022
770,2022/04/20 21:59:59+00,213697,30145,243842,1521,,Past,4/20/2022
771,2022/04/21 21:59:59+00,213817,30438,244255,1523,,Past,4/21/2022
772,2022/04/22 21:59:59+00,214029,30796,244825,1525,,Past,4/22/2022
773,2022/04/23 21:59:59+00,,,,,Weekend no data entered,Past,4/23/2022
774,2022/04/24 21:59:59+00,,,,,Weekend no data entered,Past,4/24/2022
775,2022/04/25 21:59:59+00,214217,31099,245316,1526,,Past,4/25/2022
776,2022/04/26 21:59:59+00,214534,31270,245804,1527,,Past,4/26/2022
777,2022/04/27 21:59:59+00,214702,31540,246242,1533,,Past,4/27/2022
778,2022/04/28 21:59:59+00,214970,31795,246765,1533,,Past,4/28/2022
779,2022/04/29 21:59:59+00,215255,31989,247244,1533,,Past,4/29/2022
780,2022/04/30 21:59:59+00,,,,,Weekend no data entered,Past,4/30/2022
781,2022/05/01 21:59:59+00,,,,,Weekend no data entered,Past,5/1/2022
782,2022/05/02 21:59:59+00,215436,32254,247690,1534,,Past,5/2/2022
783,2022/05/03 21:59:59+00,215922,32445,248367,1534,,Past,5/3/2022
784,2022/05/04 21:59:59+00,216172,32656,248828,1534,,Past,5/4/2022
785,2022/05/05 21:59:59+00,216523,32756,249279,1534,,Past,5/5/2022
786,2022/05/06 21:59:59+00,216891,32821,249712,1534,,Past,5/6/2022
787,2022/05/07 21:59:59+00,,,,,Weekend no data entered,Past,5/7/2022
788,2022/05/08 21:59:59+00,,,,,Weekend no data entered,Past,5/8/2022
789,2022/05/09 21:59:59+00,217082,32870,249952,1534,,Past,5/9/2022
790,2022/05/10 21:59:59+00,217605,32945,250550,1534,,Past,5/10/2022
791,2022/05/11 21:59:59+00,217901,33031,250932,1534,,Past,5/11/2022
792,2022/05/12 21:59:59+00,218298,33068,251366,1535,,Past,5/12/2022
793,2022/05/13 21:59:59+00,218610,33127,251737,1535,,Past,5/13/2022
794,2022/05/14 21:59:59+00,,,,,Weekend no data entered,Past,5/14/2022
795,2022/05/15 21:59:59+00,,,,,Weekend no data entered,Past,5/15/2022
796,2022/05/16 21:59:59+00,218956,33185,252141,1536,,Past,5/16/2022
797,2022/05/17 21:59:59+00,219400,33218,252618,1536,,Past,5/17/2022
798,2022/05/18 21:59:59+00,219673,33261,252934,1541,,Past,5/18/2022
799,2022/05/19 21:59:59+00,220044,33363,253407,1542,,Past,5/19/2022
800,2022/05/20 21:59:59+00,220451,33442,253893,1542,,Past,5/20/2022
801,2022/05/21 21:59:59+00,,,,,Weekend no data entered,Past,5/21/2022
802,2022/05/22 21:59:59+00,,,,,Weekend no data entered,Past,5/22/2022
803,2022/05/23 21:59:59+00,220780,33516,254296,1543,,Past,5/23/2022
804,2022/05/24 21:59:59+00,221793,33713,255506,1544,,Past,5/24/2022
805,2022/05/25 21:59:59+00,222209,33847,256056,1545,,Past,5/25/2022
806,2022/05/26 21:59:59+00,222640,33900,256540,1546,,Past,5/26/2002
807,2022/05/27 21:59:59+00,223017,33942,256959,1546,,Past,5/27/2022
808,2022/05/28 21:59:59+00,,,,,Weekend no data entered,Past,5/28/2022
809,2022/05/29 21:59:59+00,,,,,Weekend no data entered,Past,5/29/2022
810,2022/05/30 21:59:59+00,,,,,Holiday no data entered,Past,5/30/2022
811,2022/05/31 21:59:59+00,223385,34031,257416,1548,,Past,5/31/2022
812,2022/06/01 21:59:59+00,224311,34236,258547,1548,,Past,6/1/2022
813,2022/06/02 21:59:59+00,224878,34341,259219,1548,,Past,6/2/2022
814,2022/06/03 21:59:59+00,225309,34465,259774,1549,,Past,6/3/2022
815,2022/06/04 21:59:59+00,,,,,Weekend no data entered,Past,6/4/2022
816,2022/06/05 21:59:59+00,,,,,Weekend no data entered,Past,6/5/2022
817,2022/06/06 21:59:59+00,225780,34517,260297,1549,,Past,6/6/2022
818,2022/06/07 21:59:59+00,226488,34695,261183,1550,,Past,6/7/2022
819,2022/06/08 21:59:59+00,226940,34838,261778,1552,,Past,6/8/2022
820,2022/06/09 21:59:59+00,227410,34895,262305,1553,,Past,6/9/2022
821,2022/06/10 21:59:59+00,227898,34973,262871,1553,,Past,6/10/2022
822,2022/06/11 21:59:59+00,,,,,Weekend no data entered,Past,6/11/2022
823,2022/06/12 21:59:59+00,,,,,Weekend no data entered,Past,6/12/2022
824,2022/06/13 21:59:59+00,228195,35014,263209,1553,,Past,6/13/2022
825,2022/06/14 21:59:59+00,229123,35198,264321,1553,,Past,6/14/2022
826,2022/06/15 21:59:59+00,229537,35299,264836,1553,,Past,6/15/2022
827,2022/06/16 21:59:59+00,229996,35372,265368,1553,,Past,6/16/2022
828,2022/06/17 21:59:59+00,230524,35442,265966,1553,,Past,6/17/2022
829,2022/06/18 21:59:59+00,,,,,Weekend no data entered,Past,6/18/2022
830,2022/06/19 21:59:59+00,,,,,Weekend no data entered,Past,6/19/2022
831,2022/06/20 21:59:59+00,,,,,Holiday no data entry,Past,6/20/2022
832,2022/06/21 21:59:59+00,231078,35501,266579,1555,,Past,6/21/2022
833,2022/06/22 21:59:59+00,232310,35823,268133,1555,,Past,6/22/2022
834,2022/06/23 21:59:59+00,232868,35899,268767,1556,,Past,6/23/2022
835,2022/06/24 21:59:59+00,233519,35971,269490,1556,,Past,6/24/2022
836,2022/06/25 21:59:59+00,,,,,Weekend no data entered,Past,6/25/2022
837,2022/06/26 21:59:59+00,,,,,Weekend no data entered,Past,6/26/2022
838,2022/06/27 21:59:59+00,234013,36190,270203,1558,,Past,6/27/2022
839,2022/06/28 21:59:59+00,234961,36331,271292,1558,,Past,6/28/2022
840,2022/06/29 21:59:59+00,235373,36472,271845,1558,,Past,6/29/2022
841,2022/06/30 21:59:59+00,235682,36629,272311,1558,,Past,6/30/2022
842,2022/07/01 21:59:59+00,236159,36918,273077,1559,,Past,7/1/2022
843,2022/07/02 21:59:59+00,,,,,Weekend no data entered,Past,7/2/2022
844,2022/07/03 21:59:59+00,,,,,Weekend no data entered,Past,7/3/2022
845,2022/07/04 21:59:59+00,,,,,Holiday no data entry,Past,7/4/2022
846,2022/07/05 21:59:59+00,236936,37183,274119,1560,,Past,7/5/2022
847,2022/07/06 21:59:59+00,238023,37576,275599,1561,,Past,7/6/2022
848,2022/07/07 21:59:59+00,238681,37999,276680,1561,,Past,7/7/2022
849,2022/07/08 21:59:59+00,239151,38127,277278,1563,,Past,7/8/2022
850,2022/07/09 21:59:59+00,,,,,Weekend no data entered,Past,7/9/2022
851,2022/07/10 21:59:59+00,,,,,Weekend no data entered,Past,7/10/2022
852,2022/07/11 21:59:59+00,239754,38411,278165,1563,,Past,7/11/2022
853,2022/07/12 21:59:59+00,240880,38774,279654,1565,,Past,7/12/2022
854,2022/07/13 21:59:59+00,241450,38913,280363,1565,,Past,7/13/2022
855,2022/07/14 21:59:59+00,241909,39100,281009,1565,,Past,7/14/2022
856,2022/07/15 21:59:59+00,242401,39393,281794,1565,,Past,7/15/2022
857,2022/07/16 21:59:59+00,,,,,Weekend no data entered,Past,7/16/2022
858,2022/07/17 21:59:59+00,,,,,Weekend no data entered,Past,7/17/2022
859,2022/07/18 21:59:59+00,242863,39598,282461,1566,,Past,7/18/2022
860,2022/07/19 21:59:59+00,244011,39844,283855,1566,,Past,7/19/2022
861,2022/07/20 21:59:59+00,244424,40040,284464,1566,,Past,7/20/2022
862,2022/07/21 21:59:59+00,244919,40126,285045,1566,,Active,
